{
	"title": "Demostración de EPSAndes",
	"frameH": 600,
	"frameW": 800,
	"bannerPath": "./src/main/resources/config/logo.png",
	"menuBar":
	[
		{ "menuTitle": "Tipos",
		  "options":
			[
				{
					"label": "CRD de Rol",
					"event": "demoRol"
				},
				{
					"label": "CRD de TipoID",
					"event": "demoTipoID"
				},
				{
					"label": "CRD de TipoServicio",
					"event": "demoTipoServicio"
				},
				{
					"label": "CRD de TipoConsulta",
					"event": "demoTipoConsulta"
				}
			]
		},		
		{ "menuTitle": "Usuario",
		  "options":
			[
				{
					"label": "CRD Usuario",
					"event": "demoUsuario"
				},
				{
					"label": "Eliminar usuario 1",
					"event": "demoElimUsuario1"
				},
				{
					"label": "CRD Afiliado",
					"event": "demoAfiliado"
				},
				{
					"label": "Eliminar Afiliado 1",
					"event": "demoElimAfiliado1"
				},
				{
					"label": "CRD Medico",
					"event": "demoMedico"
				},
				{
					"label": "Eliminar medico 1",
					"event": "demoElimMedico1"
				},
				{
					"label": "CRD Gerente",
					"event": "demoGerente"
				},
				{
					"label": "Eliminar gerente 1",
					"event": "demoElimGerente1"
				},
				{
					"label": "CRD Admin Datos",
					"event": "demoAdminDatos"
				},
				{
					"label": "Eliminar Admin Datos 1",
					"event": "demoElimAdminDatos1"
				},
				{
					"label": "CRD Recepcionista",
					"event": "demoRecepcionista"
				},
				{
					"label": "Eliminar Recepcionista 1",
					"event": "demoElimRecepcionista1"
				}
			]
		},
		{ "menuTitle": "IPS",
		  "options":
			[
				{
					"label": "CRD IPS",
					"event": "IPS"
				},
				{
					"label": "IPS y Servicios",
					"event": "demoIPSServicios"
				},
				{
					"label": "IPS y Medicos",
					"event": "demoIPSMedicos"
				}
			]
		},
		{ "menuTitle": "ServicioSalud",
		  "options":
			[
				{
					"label": "CRD ServicioSalud",
					"event": "demoServicioSalud"
				}
			]
		},
		{ "menuTitle": "Orden",
		  "options":
			[
				{
					"label": "CRD Orden",
					"event": "demoOrden"
				},
				{
					"label": "Reserva con Orden Invalida",
					"event": "demoOrdenInvalida"
				},
				{
					"label": "Reserva sin orden",
					"event": "demoSinOrden"
				}
			]
		},
		{ "menuTitle": "Campana",
		  "options":
			[
				{
					"label": "CRD Campana",
					"event": "demoCampana"
				},
				{
					"label": "Campana sin servicios suficientes",
					"event": "demoCampanaNoServicios"
				},
				{
					"label": "Liberar reservas Campana",
					"event": "demoCampanaLiberar"
				}
			]
		},
		{ "menuTitle": "ServicioDeshabilitado",
		  "options":
			[
				{
					"label": "CRD ServicioDeshabilitado",
					"event": "demoDeshabilitado"
				},
				{
					"label": "Habilitar Servicios",
					"event": "demoHabilitar"
				}
			]
		},
		{ "menuTitle": "Mantenimiento",
		  "options":
			[
				{
					"label": "Mostrar log Parranderos",
					"event": "mostrarLogParranderos"
				},
				{
					"label": "Mostrar log datanucleus",
					"event": "mostrarLogDatanuecleus"
				},
				{
					"label": "Limpiar log de parranderos",
					"event": "limpiarLogParranderos"
				},
				{
					"label": "Limpiar log de datanucleus",
					"event": "limpiarLogDatanucleus"
				},
				{
					"label": "Limpiar Base de Datos",
					"event": "limpiarBD"
				}
			]
		},		
		{ "menuTitle": "Documentación",
		  "options":
			[
				{
					"label": "Documento general",
					"event": "mostrarDocumentoGeneral"
				},
				{
					"label": "Modelo conceptual",
					"event": "mostrarModeloConceptual"
				},
				{
					"label": "Esquema de la BD",
					"event": "mostrarEsquemaBD"
				},
				{
					"label": "Script creación de la BD",
					"event": "mostrarScriptBD"
				}
			]
		},		
		{ "menuTitle": "Acerca de ...",
		  "options":
			[
				{
					"label": "Acerca de ...",
					"event": "acercaDe"
				}
			]
		}		
	]
}
	